name,translation,seqlen,start,end,module_id,bgc_id,genbank_id,is_reviewed,final_smiles,module_smiles,is_active,at_substrate,kr_type,cluster_notes
PKS_KS,VAIIGMSCRTAGGNDSPEKLWRFIMDKKDASGESPSWRWEPWVRRDTRNAKVIEKTISKGYFIEDLENFDASFFGISPKEAEQMDPHQRLGLEVTWEALEDAGINPQSLSGSDTAVYVGVDSDDYSRLLLEDIPNIEAWMGIGTTAHGIPNRISYHLDLMGPSAAVDAACASSMVAVHTGRQAILAGESRIAIVGGVNVCLSPALFHMLGAAGALSPDGVCLSFDEEARGYARGEGAAILILKKMSHAIMDGDHILATIKGSAIAQDGKTNGIMAPNAKAQELVARKALKQAGINALTVGYIEAHATSTPLGDPTEVSAISAVYGVGRPTDTPALIGSIKPNVGHLEAAAGAISLVKAVMAVQKGIVPPQTRLNKLNTRVDWAKSGLHVVRESTQWGTEDSPRRAAICSYGYGGTVSHAIIEQF,424,42,465,0,BGC0001244.1,KM365454.1,False,C[C@@H]1CC2=C(C(=CC=C2)O)C(=O)O1,CC(=O)[S],active,,,None
PKS_AT,VFSGHGSHWSGMGKQLLQNAVFYRTVAPLDIVVVQELGYSAIEALKTGRFESSGQVQVLTYMTQIGLIQLLKAKGVHPHAVIGHSVGEIAASVAAGCLTPEEGMIIVTRRARLFAKVIGCGGMFLVSLPFAEVLAELGGRTDIVAAIDSSPSSCVISGLNAPLEEYVEKLKNRGIRVFQVKTDIAFHSPMLEVLSKPLKESLEGSLNPQPPNIKLYSTSQADTRHPARRDAEYWVDNMVKPVWLRPAVTAAIEDHYRIFMEVSTHPIVSHSLDETLAENGASDFTTIHTMK,291,577,867,0,BGC0001244.1,KM365454.1,False,C[C@@H]1CC2=C(C(=CC=C2)O)C(=O)O1,CC(=O)[S],active,mal,,None
PKS_DH,MLGQRMVVAGTNMTIFTTALDESSKPFPMPHQLHGTDIIPVSVYVNTFIKATGGKVLSKMELRVPLAVTNDVRNVQVIVDGQSVKVASRLSSSDDMSWVTHSTASWENEPS,111,935,1045,0,BGC0001244.1,KM365454.1,False,C[C@@H]1CC2=C(C(=CC=C2)O)C(=O)O1,CC(=O)[S],inactive,,,None
PKS_KR,GTYVLTGGLGALGLETCDFLIEKGARRIVVISRRDIPARSQWSKASENLAPILERVKAMEKTGASIYFVSLDIGAADAHQQLLFALERLSLPPVLGVIHASGVLEDSLLVDTTSDSFARVLSPKISGALALHKAFPPGTLDFFVLYSSIGQLVGTSGQSSYAAGNSFLDVLAAHRRSQGDNAIAFQWTAWRG,192,1418,1609,0,BGC0001244.1,KM365454.1,False,C[C@@H]1CC2=C(C(=CC=C2)O)C(=O)O1,CC(=O)[S],inactive,,U,None
ACP,ADLKPWLDVKIRECVALVMGVEDIEEIDTRVPLSDYGVDSIMTIALRQKLQSKLKIKVPQTLMWNYPTVSAMVGWF,76,1702,1777,0,BGC0001244.1,KM365454.1,False,C[C@@H]1CC2=C(C(=CC=C2)O)C(=O)O1,CC(=O)[S],active,,,None
PKS_A,IHQPDQIIYTFLLNGETPDRYLTHKQLDNHAQAIASELLHQNAKGERALLLYPPGLEFITAFFGCLYAGVLAVPAYPPRSNQNLSRLEAIVADAQAKFALTTTPLLDKIETQLAENPANNQLNWLATDNLPTHQESDWQHPDSKGRVARDPRAKTQPPARQTSNTLAFLQYTSGSTGKPKGVMVSHGNLLYNSALINQCFQDTPESRGLSWLPAYHDMGLIGGILQPLYVGLPIILMAPVDFLRKPYRWLKAISKYQVTTSGAPNFAYELCVQKITAKQLETLDLSSWQTAFTGAEPVRASTLERFAQKFAPCGFRREAFYPCYGMAETTLLVTGGLKDQPPVVREFEGEALEQNRVVPVPENRLNQSNGQSNGQSNGSVPTRILVGCGRTWLNEKIAIAHPQSLTQVEAGAVGEIWVKGPSVAQGYWNQPEVTEKTFNAYLADTGSGPWLRTGDLGFIQDGELFVTGRLKDLIIIR,477,40,516,0,BGC0001162.1,KF550302.1,False,CCCCCCCCCCCCCCCC=C,C[C@H](N)C(=O)[S],active,,,None
ACP,KWIVDWLARETKLPARSINISKSFADYGLDSVTAVELANDLEEWLGVPLSPTLAYDYPNIESLGQYLA,68,661,728,0,BGC0001162.1,KF550302.1,False,CCCCCCCCCCCCCCCC=C,C[C@H](N)C(=O)[S],active,,,None
PKS_KS,IAIIGIGCRFPGASSPKSFWQLLKNGVDAITEVPADRWDIQKFYDADPTAPGKMYCRYGGFLAHVDQFDPEFFGIAPREATYIDPQQRLLLEVIWEALEDAGQVPSQISGSQTGVFVGISTNDYGQLLLQSPEVVDTYTNTGVASTMAANRISYLLNLKGPSLTVDTACSSSLVAIHLACQSIWNGESTLALAGGVNLMLTPVVTVGLSKLTALSPDGRCKAFDSRANGFVRGEGAGVIVVKPLSKALIDKDPIYAVIRGSAVNQDGRTNGLTAPSRDAQEAVLVSAYQQAGISPSDVQYVETHGTGTLLGDPIEAMALGNVLKRDREAVLLEHRCDHNSDNNSDHNSDNYGALSGALSGALLTHPTNKPVAIGSVKSNIGHLEAAAGIASLIKVALSLKHQELLPSLHFQEPNPHIPFDELPLRVQQQREPWPWDVIPPFAGVSSFGFGGTNAHVVLQGA,461,40,500,1,BGC0001162.1,KF550302.1,False,CCCCCCCCCCCCCCCC=C,C[C@H](N)C(O)CC(=O)[S],active,,,None
PKS_AT,LFTGQGSQYSGMGRQLYETQPIFAGYLDQCAEILQTYLEQPLLDVLYREIFSDNSDNSTLNQTAYTQPALFALEYSLAQLWRSWGIEPTVVMGHSVGEYVAATVAGVFSLEDGLKLIAQRARLMQQLPEGGEMAVVLTNEQQVTEAIQALSDKVSIAAINGPENIVISGESEAVQTVIARLRSQKVKSLKLPVSHAFHSALMQPMVADFAQVLSEISLHPPQIEIISNLTGKLATAAIATTEYWCDHVLNPVKFYQSMETLYQQGYHLCVEVGPKPSLLGMGRQCLPKGKLTAIPSLRP,299,615,913,1,BGC0001162.1,KF550302.1,False,CCCCCCCCCCCCCCCC=C,C[C@H](N)C(O)CC(=O)[S],active,mal,,None
PKS_KR,TYLITGGLGSLGLKVAEWMVDKGARYLVLVGRSQPNPRASEIIEKLEEQGVMVVLEQVDVSQEAQVRDCLNRIQVSLPPLKGIIHGAGVLEDGVLLHQDWAKFAKVMKPKVEGAWNLHLLTQDIALDLFVLFSSATSILGTPGQGNYSAANRFLDSLSHYRRQQGSPALSINWGPWAE,178,1250,1427,1,BGC0001162.1,KF550302.1,False,CCCCCCCCCCCCCCCC=C,C[C@H](N)C(O)CC(=O)[S],active,,U,None
ACP,STTAQREELLKDYLKQQIAKALGISREIPVESNLMDLGTDSLMIVEVLNSCKKDLKITLYPREFYERPTITALAEYLA,78,1517,1594,1,BGC0001162.1,KF550302.1,False,CCCCCCCCCCCCCCCC=C,C[C@H](N)C(O)CC(=O)[S],active,,,None
PKS_A,IHQPDQIIYTFLLNGETPDRYLTHQQLDNHAQAIASELLHQNAKGERALLLYPPGLEFITAFFGCLYAGVLAVPAYPPRSNQNLSRLEAIVADAQAKFALTTTPLLEKIETQLAENPASASLKWLATDKTRGVGIPPHKQPTNHESDWQHPDCNEKTLAFLQYTSGSTGKPKGVMVSHGNLLYNSALINQCFQDTPQSRGLSWLPAYHDMGLIGGILQPLYVGLPIILMAPVDFLRKPYRWLKAISKYQVTTSGAPNFAYELCVHKITPKQLETLDLSSWQMAFTGAEPVRASTLERFAQKFAPCGFHREAFYPCYGMAETTLLVTGGLKDQPPVVREFEGEALEQNRVVPLPENRLNQSNGQSNGQSNGQSNGQSNGNVPTRILVGCGRTWLNEKIAIAHPQSLTQVEAGAVGEIWVKGPSVAQGYWNQPEVTEKTFNAYLADTGLGPWLRTGDLGFIQDGELFVTGRLKDLIIIR,477,40,516,0,BGC0001161.1,KF550301.1,False,CCCCCCCCCCCCCCCC=C,C[C@H](N)C(=O)[S],active,,,None
ACP,KWIIDWLARETKLPPQSINISKSFADYGLDSVTAVELADDLEEWLGVPLSPTLAYDYPNIESLAQYLA,68,661,728,0,BGC0001161.1,KF550301.1,False,CCCCCCCCCCCCCCCC=C,C[C@H](N)C(=O)[S],active,,,None
PKS_KS,IAIIGIGCRFPGASSPKSFWQLLKNGVDAITEVPPERWDIERFYDKDPTAPGKMYCRYGGFLAHVDKFDPEFFGIAPREATYIDPQQRLLLEVIWEALEDAGQVPSKLSGSQTGVFVGISTHDYGQLLLQSPEVVDTYTNTGVASTMAANRISYLLNFKGPSLTVDTACSSSLVAVHLACQSIWNGESTVAIAGGVNLMLTPVVTVGLSKLTALSPDGRCKAFDSRANGFVRGEGAGVIVVKPLSKALIDKDPIYAVIRGSAVNQDGRTNGLTAPNRDAQEAVLVSAYQHAGISPSDVQYVETHGTGTLLGDPIEAMALGNVLKRDRKAVPKEHRSDNNSDNNSDNYGALSTHPTNKPVAIGSVKSNIGHLEAAAGIASLIKVALSLKHQERLPSLHFQEPNPHIPFDELPLRVQQQREPWPWDVIPPFAGVSSFGFGGTNAHVVLQGA,449,40,488,1,BGC0001161.1,KF550301.1,False,CCCCCCCCCCCCCCCC=C,C[C@H](N)C(O)CC(=O)[S],active,,,None
PKS_AT,LFTGQGSQYSGMGRQLYETQPIFRATLDQCAEILQSYLEQPLLDVLYPEILSDNSDNSTLNQTAYTQPALFALEYSLAQLWRSWGIEPTVVMGHSVGEYVAATVAGVFSLEDGLKLIAERARLMQQLPAGGEMAVILTNEQQVTEAIQSLSDKVSIAAINGPENIVISGESQAVQTVIARLRSQKVKSLKLPVSHAFHSHLMQPMVGDFAQVLSEISLHPPQIEIISNLTGKLATAEIATTEYWCDHVRGSVKFYQSMETLYQEGYQLCVEVGPKPSLLGMGKACLPKGKLTAIPSLRP,299,598,896,1,BGC0001161.1,KF550301.1,False,CCCCCCCCCCCCCCCC=C,C[C@H](N)C(O)CC(=O)[S],active,mal,,None
PKS_KR,TYLITGGLGSLGLKVAEWMVDKGARYLVLVGRSQPNPRASEIIGKLEEQGVMVVLEQVDVSQEAQVRDCLNRIQVSLPPLKGIIHGAGVLEDGVLLHQDWAKFARVMKPKVEGAWNLHRLTQDIALELFVLFSSATSILGTPGQGNYSAANGFLDSLSHYRQGQGASALSINWGPWAE,178,1235,1412,1,BGC0001161.1,KF550301.1,False,CCCCCCCCCCCCCCCC=C,C[C@H](N)C(O)CC(=O)[S],active,,U,None
ACP,TTTQREELLNDYLKQQIAKALGISREISGSSNLMDLGADSLMIVEVLNACKKDLKITLYPREFYERPTITALAEYLA,77,1503,1579,1,BGC0001161.1,KF550301.1,False,CCCCCCCCCCCCCCCC=C,C[C@H](N)C(O)CC(=O)[S],active,,,None
